0,1,geometry
22.6359252,-79.15011929,POINT (22.6359252 -79.15011929000001)
44.35536361,-78.30477563,POINT (44.35536361 -78.30477562999999)
33.48467903,-112.0516961,POINT (33.48467903 -112.05169605)
43.55,-80.25,POINT (43.55 -80.25)
35.3,-81.18,POINT (35.3 -81.18000000000001)
44.4003,-79.6894,POINT (44.4003 -79.68940000000001)
28.13333333,-81.63166667,POINT (28.13333333 -81.63166667)
32.0702,-81.0952,POINT (32.0702 -81.09520000000001)
35.04085431,-89.97940063,POINT (35.04085431 -89.97940063)
36.1028,-80.2605,POINT (36.1028 -80.26049999999999)
27.9473,-82.4558,POINT (27.9473 -82.4558)
39.76861784,-86.16264403,POINT (39.76861784 -86.16264403)
39.76861784,-86.16264403,POINT (39.76861784 -86.16264403)
35.7772,-78.6358,POINT (35.7772 -78.6358)
40.2222,-85.7719,POINT (40.2222 -85.7719)
28.3108309,-81.3790451,POINT (28.3108309 -81.3790451)
39.76861784,-86.16264403,POINT (39.76861784 -86.16264403)
39.76861784,-86.16264403,POINT (39.76861784 -86.16264403)
27.9473,-82.4558,POINT (27.9473 -82.4558)
39.76861784,-86.16264403,POINT (39.76861784 -86.16264403)
39.7088,-86.412773,POINT (39.7088 -86.412773)
39.7692,-86.1582,POINT (39.7692 -86.15819999999999)
39.76861784,-86.16264403,POINT (39.76861784 -86.16264403)
39.75225896,-86.13987546,POINT (39.75225896 -86.13987546)
39.7692,-86.1582,POINT (39.7692 -86.15819999999999)
38.66862093,-87.04898504,POINT (38.66862093 -87.04898504000001)
39.76861784,-86.16264403,POINT (39.76861784 -86.16264403)
39.76861784,-86.16264403,POINT (39.76861784 -86.16264403)
39.766898,-86.161066,POINT (39.766898 -86.16106600000001)
27.94927,-82.45214,POINT (27.94927 -82.45214)
39.7692,-86.1582,POINT (39.7692 -86.15819999999999)
39.76861784,-86.16264403,POINT (39.76861784 -86.16264403)
39.7685,-86.159,POINT (39.7685 -86.15900000000001)
39.76861784,-86.16264403,POINT (39.76861784 -86.16264403)
41.66396198,-86.22157943,POINT (41.66396198 -86.22157943000001)
39.76861784,-86.16264403,POINT (39.76861784 -86.16264403)
39.7685,-86.159,POINT (39.7685 -86.15900000000001)
39.7692,-86.1582,POINT (39.7692 -86.15819999999999)
39.95608557,-86.09632133,POINT (39.95608557 -86.09632132999999)
39.76861784,-86.16264403,POINT (39.76861784 -86.16264403)
39.76861784,-86.16264403,POINT (39.76861784 -86.16264403)
39.7692,-86.1582,POINT (39.7692 -86.15819999999999)
39.7692,-86.1582,POINT (39.7692 -86.15819999999999)
39.76861784,-86.16264403,POINT (39.76861784 -86.16264403)
39.7685,-86.159,POINT (39.7685 -86.15900000000001)
39.76694,-86.16223,POINT (39.76694 -86.16222999999999)
39.76861784,-86.16264403,POINT (39.76861784 -86.16264403)
39.7692,-86.1582,POINT (39.7692 -86.15819999999999)
39.7685,-86.159,POINT (39.7685 -86.15900000000001)
39.76861784,-86.16264403,POINT (39.76861784 -86.16264403)
39.766898,-86.161066,POINT (39.766898 -86.16106600000001)
39.76861784,-86.16264403,POINT (39.76861784 -86.16264403)
39.7692,-86.1582,POINT (39.7692 -86.15819999999999)
39.76810674,-86.16218297,POINT (39.76810674 -86.16218297)
40.04501806,-85.9875197,POINT (40.04501806 -85.98751969999999)
39.7692,-86.1582,POINT (39.7692 -86.15819999999999)
39.93333333,-86.21666667,POINT (39.93333333 -86.21666667)
39.76861784,-86.16264403,POINT (39.76861784 -86.16264403)
37.9772,-87.5506,POINT (37.9772 -87.5506)
39.7692,-86.1582,POINT (39.7692 -86.15819999999999)
39.63463398,-86.15908438,POINT (39.63463398 -86.15908438)
39.766898,-86.161066,POINT (39.766898 -86.16106600000001)
39.7685,-86.159,POINT (39.7685 -86.15900000000001)
39.76861784,-86.16264403,POINT (39.76861784 -86.16264403)
39.76861784,-86.16264403,POINT (39.76861784 -86.16264403)
39.76861784,-86.16264403,POINT (39.76861784 -86.16264403)
39.7692,-86.1582,POINT (39.7692 -86.15819999999999)
39.76861784,-86.16264403,POINT (39.76861784 -86.16264403)
39.67586883,-86.2578783,POINT (39.67586883 -86.2578783)
39.76724131,-86.16387273,POINT (39.76724131 -86.16387272999999)
39.7692,-86.1582,POINT (39.7692 -86.15819999999999)
50.0876,14.4215,POINT (50.0876 14.4215)
39.7692,-86.1582,POINT (39.7692 -86.15819999999999)
39.19024414,-86.51772808,POINT (39.19024414 -86.51772808)
41.5843,-85.83494,POINT (41.5843 -85.83494)
38.39916667,-122.8269444,POINT (38.39916667 -122.82694444)
39.7692,-86.1582,POINT (39.7692 -86.15819999999999)
27.9473,-82.4558,POINT (27.9473 -82.4558)
34.736,-92.3311,POINT (34.736 -92.33110000000001)
39.76861784,-86.16264403,POINT (39.76861784 -86.16264403)
53.5191,-113.2965,POINT (53.5191 -113.2965)
44.92231,-123.03791,POINT (44.92231 -123.03791)
26.12739,-80.24515,POINT (26.12739 -80.24515)
33.98317,-118.18903,POINT (33.98317 -118.18903)
36.71985567,-119.805482,POINT (36.71985567 -119.80548203)
33.9871,-118.1856,POINT (33.9871 -118.1856)
34.05276572,-118.2558408,POINT (34.05276572 -118.25584078)
39.96915327,-75.176201,POINT (39.96915327 -75.17620100000001)
40.445898,-74.395243,POINT (40.445898 -74.39524299999999)
41.88732679,-87.67594099,POINT (41.88732679 -87.67594099)
39.10282709,-77.16254937,POINT (39.10282709 -77.16254936999999)
33.1565824,-110.9785606,POINT (33.1565824 -110.9785606)
32.38943773,-111.4986987,POINT (32.38943773 -111.49869867)
41.883222,-87.632496,POINT (41.883222 -87.632496)
31.99733399,-111.0516947,POINT (31.99733399 -111.05169471)
31.99733399,-111.0516947,POINT (31.99733399 -111.05169471)
32.38943773,-111.4986987,POINT (32.38943773 -111.49869867)
39.19024414,-86.51772808,POINT (39.19024414 -86.51772808)
39.2253,-105.99853,POINT (39.2253 -105.99853)
36.2715566,-115.2738712,POINT (36.2715566 -115.27387122)
39.17573,-86.48263,POINT (39.17573 -86.48263)
44.5658103,-80.9441716,POINT (44.5658103 -80.9441716)
35.14781149,-89.96081994,POINT (35.14781149 -89.96081993999999)
38.0833,-102.621,POINT (38.0833 -102.621)
39.7914,-85.7714,POINT (39.7914 -85.7714)
38.5766,-121.493,POINT (38.5766 -121.493)
47.1892,-122.502,POINT (47.1892 -122.502)
35.3,-81.18,POINT (35.3 -81.18000000000001)
32.24236468,-110.8147337,POINT (32.24236468 -110.81473372)
39.96302663,-85.91683377,POINT (39.96302663 -85.91683377)
34.06165472,-118.0080735,POINT (34.06165472 -118.00807346)
59.6431,-151.526,POINT (59.6431 -151.526)
38.4818,-122.896,POINT (38.4818 -122.896)
35.37138,-118.99221,POINT (35.37138 -118.99221)
33.4482,-112.0777,POINT (33.4482 -112.0777)
34.286667,-111.656944,POINT (34.286667 -111.656944)
35.39092076,-118.8944918,POINT (35.39092076 -118.89449181)
39.2025,-85.9198,POINT (39.2025 -85.9198)
34.03395458,-81.10963394,POINT (34.03395458 -81.10963393999999)
32.4367,-111.225,POINT (32.4367 -111.225)
34.07008045,-118.445448,POINT (34.07008045 -118.44544795)
38.87325651,-77.00758083,POINT (38.87325651 -77.00758082999999)
35.61895933,-82.61959838,POINT (35.61895933 -82.61959838)
39.39657901,-75.03595126,POINT (39.39657901 -75.03595126)
39.2654,-74.5938,POINT (39.2654 -74.5938)
32.8482816,-80.019456,POINT (32.8482816 -80.01945600000001)
29.75439204,-95.35806904,POINT (29.75439204 -95.35806904)
29.75439204,-95.35806904,POINT (29.75439204 -95.35806904)
29.75217779,-95.35790357,POINT (29.75217779 -95.35790357)
29.75439204,-95.35806904,POINT (29.75439204 -95.35806904)
29.757,-95.362,POINT (29.757 -95.36199999999999)
29.75841,-95.36417,POINT (29.75841 -95.36417)
29.7602,-95.3694,POINT (29.7602 -95.3694)
29.75217779,-95.35790357,POINT (29.75217779 -95.35790357)
29.75357909,-95.35984615,POINT (29.75357909 -95.35984615)
39.9752,-83.0068,POINT (39.9752 -83.0068)
35.0667,-78.9176,POINT (35.0667 -78.91759999999999)
28.2486,-80.73611,POINT (28.2486 -80.73611)
41.5878,-85.8361,POINT (41.5878 -85.8361)
42.7903,-86.1104,POINT (42.7903 -86.1104)
42.7084,-84.5505,POINT (42.7084 -84.5505)
42.73346969,-84.55441708,POINT (42.73346969 -84.55441707999999)
42.74837185,-84.48036209,POINT (42.74837185 -84.48036209)
40.2204,-74.7699,POINT (40.2204 -74.76990000000001)
40.63472632,-74.26521951,POINT (40.63472632 -74.26521950999999)
35.05055144,-78.87604237,POINT (35.05055144 -78.87604236999999)
35.04922345,-85.3069354,POINT (35.04922345 -85.3069354)
40.7939,-77.861,POINT (40.7939 -77.861)
34.05276572,-118.2558408,POINT (34.05276572 -118.25584078)
28.5337297,77.1332558,POINT (28.5337297 77.1332558)
38.5766,-121.493,POINT (38.5766 -121.493)
38.5766,-121.493,POINT (38.5766 -121.493)
38.5766,-121.493,POINT (38.5766 -121.493)
44.9311,-123.029,POINT (44.9311 -123.029)
-36.8473,174.7657,POINT (-36.8473 174.7657)
38.89877134,-104.8185287,POINT (38.89877134 -104.8185287)
37.65842994,-122.0984301,POINT (37.65842994 -122.09843005)
37.65842994,-122.0984301,POINT (37.65842994 -122.09843005)
37.58860542,-122.0450438,POINT (37.58860542 -122.04504378)
38.5766,-121.493,POINT (38.5766 -121.493)
37.59868268,-122.0498497,POINT (37.59868268 -122.04984971)
37.59568,-122.02813,POINT (37.59568 -122.02813)
37.59568,-122.02813,POINT (37.59568 -122.02813)
38.5766,-121.493,POINT (38.5766 -121.493)
37.5922,-122.046,POINT (37.5922 -122.046)
37.60065964,-122.0161776,POINT (37.60065964 -122.01617758)
37.58875741,-122.0248125,POINT (37.58875741 -122.02481247)
37.59568,-122.02813,POINT (37.59568 -122.02813)
37.59568,-122.02813,POINT (37.59568 -122.02813)
37.59568,-122.02813,POINT (37.59568 -122.02813)
38.577,-121.4947,POINT (38.577 -121.4947)
38.5766,-121.493,POINT (38.5766 -121.493)
34.11629757,-117.7081512,POINT (34.11629757 -117.70815116)
38.5766,-121.493,POINT (38.5766 -121.493)
38.577,-121.4947,POINT (38.577 -121.4947)
38.577,-121.4947,POINT (38.577 -121.4947)
38.577,-121.4947,POINT (38.577 -121.4947)
38.577,-121.4947,POINT (38.577 -121.4947)
38.5766,-121.493,POINT (38.5766 -121.493)
38.577,-121.4947,POINT (38.577 -121.4947)
38.5766,-121.493,POINT (38.5766 -121.493)
38.5766,-121.493,POINT (38.5766 -121.493)
39.16191408,-119.7659869,POINT (39.16191408 -119.76598686)
37.58875741,-122.0248125,POINT (37.58875741 -122.02481247)
37.5922,-122.046,POINT (37.5922 -122.046)
37.5922,-122.046,POINT (37.5922 -122.046)
39.16191408,-119.7659869,POINT (39.16191408 -119.76598686)
37.58860542,-122.0450438,POINT (37.58860542 -122.04504378)
37.5922,-122.046,POINT (37.5922 -122.046)
37.58860542,-122.0450438,POINT (37.58860542 -122.04504378)
38.5766,-121.493,POINT (38.5766 -121.493)
38.5766,-121.493,POINT (38.5766 -121.493)
38.5766,-121.493,POINT (38.5766 -121.493)
37.59568,-122.02813,POINT (37.59568 -122.02813)
38.5766,-121.493,POINT (38.5766 -121.493)
38.5766,-121.493,POINT (38.5766 -121.493)
37.59568,-122.02813,POINT (37.59568 -122.02813)
38.5766,-121.493,POINT (38.5766 -121.493)
38.577,-121.4947,POINT (38.577 -121.4947)
38.5766,-121.493,POINT (38.5766 -121.493)
38.57934,-121.49313,POINT (38.57934 -121.49313)
37.59568,-122.02813,POINT (37.59568 -122.02813)
37.5922,-122.046,POINT (37.5922 -122.046)
37.59568,-122.02813,POINT (37.59568 -122.02813)
37.59568,-122.02813,POINT (37.59568 -122.02813)
37.59568,-122.02813,POINT (37.59568 -122.02813)
38.577,-121.4947,POINT (38.577 -121.4947)
37.59568,-122.02813,POINT (37.59568 -122.02813)
37.59568,-122.02813,POINT (37.59568 -122.02813)
37.5963451,-122.079327,POINT (37.5963451 -122.079327)
38.00754,-84.4355,POINT (38.00754 -84.4355)
38.577,-121.4947,POINT (38.577 -121.4947)
38.5766,-121.493,POINT (38.5766 -121.493)
43.45,-80.4833,POINT (43.45 -80.4833)
42.35816667,-71.06369444,POINT (42.35816667 -71.06369444000001)
42.35816667,-71.06369444,POINT (42.35816667 -71.06369444000001)
36.16685,-86.77816,POINT (36.16685 -86.77816)
33.708618,-117.956295,POINT (33.708618 -117.956295)
44.9311,-123.029,POINT (44.9311 -123.029)
44.9311,-123.029,POINT (44.9311 -123.029)
39.7692,-86.1582,POINT (39.7692 -86.15819999999999)
42.2606,-71.0059,POINT (42.2606 -71.0059)
44.9311,-123.029,POINT (44.9311 -123.029)
44.9311,-123.029,POINT (44.9311 -123.029)
44.9311,-123.029,POINT (44.9311 -123.029)
44.9311,-123.029,POINT (44.9311 -123.029)
45.518237,-122.678249,POINT (45.518237 -122.678249)
44.18162,-81.63175,POINT (44.18162 -81.63175)
44.9311,-123.029,POINT (44.9311 -123.029)
44.9311,-123.029,POINT (44.9311 -123.029)
34.0944751,-117.7208305,POINT (34.0944751 -117.7208305)
44.942,-123.04316,POINT (44.942 -123.04316)
44.9311,-123.029,POINT (44.9311 -123.029)
44.9311,-123.029,POINT (44.9311 -123.029)
45.516,-122.6726,POINT (45.516 -122.6726)
45.518237,-122.678249,POINT (45.518237 -122.678249)
45.4312,-122.7702,POINT (45.4312 -122.7702)
44.93852,-123.03058,POINT (44.93852 -123.03058)
44.0457,-123.0208,POINT (44.0457 -123.0208)
44.94103706,-123.0430579,POINT (44.94103706 -123.04305789)
44.942,-123.04316,POINT (44.942 -123.04316)
44.942,-123.04316,POINT (44.942 -123.04316)
44.942,-123.04316,POINT (44.942 -123.04316)
44.942,-123.04316,POINT (44.942 -123.04316)
45.516,-122.6726,POINT (45.516 -122.6726)
44.942,-123.04316,POINT (44.942 -123.04316)
44.942,-123.04316,POINT (44.942 -123.04316)
45.51262397,-122.6741806,POINT (45.51262397 -122.67418057)
45.516,-122.6726,POINT (45.516 -122.6726)
44.9311,-123.029,POINT (44.9311 -123.029)
44.0519,-123.087,POINT (44.0519 -123.087)
44.0519,-123.087,POINT (44.0519 -123.087)
44.9311,-123.029,POINT (44.9311 -123.029)
44.9311,-123.029,POINT (44.9311 -123.029)
45.49209734,-122.8139992,POINT (45.49209734 -122.81399924)
45.58988,-122.73869,POINT (45.58988 -122.73869)
33.4482,-112.0777,POINT (33.4482 -112.0777)
44.9311,-123.029,POINT (44.9311 -123.029)
45.4166,-122.639,POINT (45.4166 -122.639)
32.74504537,-97.44786811,POINT (32.74504537 -97.44786811)
33.4482,-112.0777,POINT (33.4482 -112.0777)
44.9311,-123.029,POINT (44.9311 -123.029)
44.9311,-123.029,POINT (44.9311 -123.029)
37.5963451,-122.079327,POINT (37.5963451 -122.079327)
44.9311,-123.029,POINT (44.9311 -123.029)
44.9311,-123.029,POINT (44.9311 -123.029)
36.80964768,-119.746921,POINT (36.80964768 -119.74692103)
33.32163182,-111.9888976,POINT (33.32163182 -111.98889755)
35.78321,-78.63894,POINT (35.78321 -78.63894000000001)
35.82448258,-78.62409653,POINT (35.82448258 -78.62409653)
44.9311,-123.029,POINT (44.9311 -123.029)
44.9311,-123.029,POINT (44.9311 -123.029)
34.000433,-81.033147,POINT (34.000433 -81.033147)
35.78321,-78.63894,POINT (35.78321 -78.63894000000001)
35.7772,-78.6358,POINT (35.7772 -78.6358)
35.7772,-78.6358,POINT (35.7772 -78.6358)
35.382,-77.978,POINT (35.382 -77.97799999999999)
40.74442358,-73.93500304,POINT (40.74442358 -73.93500304)
35.78424919,-78.63934511,POINT (35.78424919 -78.63934510999999)
35.77149,-78.64146,POINT (35.77149 -78.64146)
32.219,-110.9708,POINT (32.219 -110.9708)
34.000433,-81.033147,POINT (34.000433 -81.033147)
35.7772,-78.6358,POINT (35.7772 -78.6358)
35.7772,-78.6358,POINT (35.7772 -78.6358)
35.78451885,-78.63934327,POINT (35.78451885 -78.63934327)
35.7772,-78.6358,POINT (35.7772 -78.6358)
34.000433,-81.033147,POINT (34.000433 -81.033147)
35.77470473,-78.63992482,POINT (35.77470473 -78.63992482)
35.7772,-78.6358,POINT (35.7772 -78.6358)
35.78035792,-78.63907863,POINT (35.78035792 -78.63907863)
36.0731,-79.7913,POINT (36.0731 -79.79130000000001)
34.00055556,-81.04416667,POINT (34.00055556 -81.04416667)
34.000433,-81.033147,POINT (34.000433 -81.033147)
35.77149,-78.64146,POINT (35.77149 -78.64146)
35.7772,-78.6358,POINT (35.7772 -78.6358)
44.9311,-123.029,POINT (44.9311 -123.029)
35.77604457,-78.63309022,POINT (35.77604457 -78.63309022)
34.9368,-80.83832,POINT (34.9368 -80.83832)
35.77604457,-78.63309022,POINT (35.77604457 -78.63309022)
34.000433,-81.033147,POINT (34.000433 -81.033147)
45.51852261,-122.6792495,POINT (45.51852261 -122.6792495)
45.6130589,-122.6757475,POINT (45.6130589 -122.67574746)
42.74843607,-84.48030455,POINT (42.74843607 -84.48030455)
33.9213,-118.406,POINT (33.9213 -118.406)
39.9624,-82.9996,POINT (39.9624 -82.9996)
44.9311,-123.029,POINT (44.9311 -123.029)
45.51652,-122.68458,POINT (45.51652 -122.68458)
41.48942466,-87.43269621,POINT (41.48942466 -87.43269621)
39.9624,-82.9996,POINT (39.9624 -82.9996)
44.9311,-123.029,POINT (44.9311 -123.029)
39.1666,-86.5348,POINT (39.1666 -86.5348)
33.4482,-112.0777,POINT (33.4482 -112.0777)
35.26536,-90.04234,POINT (35.26536 -90.04234)
33.4219,-111.935,POINT (33.4219 -111.935)
21,77,POINT (21 77)
44.9311,-123.029,POINT (44.9311 -123.029)
44.9311,-123.029,POINT (44.9311 -123.029)
39.4233,-86.4238,POINT (39.4233 -86.4238)
29.89731,-81.31771,POINT (29.89731 -81.31771000000001)
35.26536,-90.04234,POINT (35.26536 -90.04234)
39.50490861,-119.7731748,POINT (39.50490861 -119.77317481)
38.5766,-121.493,POINT (38.5766 -121.493)
39.16388,-119.76611,POINT (39.16388 -119.76611)
45.51887,-122.67929,POINT (45.51887 -122.67929)
45.51887,-122.67929,POINT (45.51887 -122.67929)
38.51155344,-121.4401643,POINT (38.51155344 -121.44016432)
45.51887,-122.67929,POINT (45.51887 -122.67929)
38.84157,-76.86707,POINT (38.84157 -76.86707)
39.78968,-86.21471,POINT (39.78968 -86.21471)
40.7257,-74.2321,POINT (40.7257 -74.2321)
43.63319281,-79.41832642,POINT (43.63319281 -79.41832642)
43.6318092,-79.6537323,POINT (43.6318092 -79.6537323)
43.7166,-79.3407,POINT (43.7166 -79.3407)
38.577,-121.4947,POINT (38.577 -121.4947)
37.8089294,-122.2646866,POINT (37.8089294 -122.2646866)
45.51852261,-122.6792495,POINT (45.51852261 -122.6792495)
34.51364085,-97.98595974,POINT (34.51364085 -97.98595974)
34.05276572,-118.2558408,POINT (34.05276572 -118.25584078)
43.68835449,-79.57803361,POINT (43.68835449 -79.57803361000001)
33.41699855,-111.9556675,POINT (33.41699855 -111.95566745)
35.22694444,-80.84333333,POINT (35.22694444 -80.84333332999999)
36.165,-86.78388889,POINT (36.165 -86.78388889)
35.48679824,-97.60699679,POINT (35.48679824 -97.60699679)
35.68439027,-97.62260168,POINT (35.68439027 -97.62260168)
44.93852,-123.03058,POINT (44.93852 -123.03058)
44.9311,-123.029,POINT (44.9311 -123.029)
44.9311,-123.029,POINT (44.9311 -123.029)
35.83033774,-78.62016767,POINT (35.83033774 -78.62016767)
35.7772,-78.6358,POINT (35.7772 -78.6358)
42.35816667,-71.06369444,POINT (42.35816667 -71.06369444000001)
42.7833,-80.2,POINT (42.7833 -80.2)
44.9311,-123.029,POINT (44.9311 -123.029)
42.33021535,-71.0836995,POINT (42.33021535 -71.08369949999999)
40.39847535,-86.87497384,POINT (40.39847535 -86.87497384)
33.44773382,-112.0964996,POINT (33.44773382 -112.0964996)
39.7156507,-86.29740352,POINT (39.7156507 -86.29740352)
21,77,POINT (21 77)
38.1882,-84.8752,POINT (38.1882 -84.87520000000001)
39.76861111,-86.1625,POINT (39.76861111 -86.16249999999999)
44.9311,-123.029,POINT (44.9311 -123.029)
44.7136,-93.4244,POINT (44.7136 -93.42440000000001)
44.9311,-123.029,POINT (44.9311 -123.029)
44.9311,-123.029,POINT (44.9311 -123.029)
44.9311,-123.029,POINT (44.9311 -123.029)
30.15207635,-97.85885999,POINT (30.15207635 -97.85885999)
33.34407,-111.78892,POINT (33.34407 -111.78892)
33.44773382,-112.0964996,POINT (33.44773382 -112.0964996)
38.9785,-76.4922,POINT (38.9785 -76.4922)
38.5766,-121.493,POINT (38.5766 -121.493)
39.76861111,-86.1625,POINT (39.76861111 -86.16249999999999)
39.76861111,-86.1625,POINT (39.76861111 -86.16249999999999)
39.76861111,-86.1625,POINT (39.76861111 -86.16249999999999)
39.76861111,-86.1625,POINT (39.76861111 -86.16249999999999)
39.7692,-86.1582,POINT (39.7692 -86.15819999999999)
39.76861111,-86.1625,POINT (39.76861111 -86.16249999999999)
39.76861111,-86.1625,POINT (39.76861111 -86.16249999999999)
39.76861111,-86.1625,POINT (39.76861111 -86.16249999999999)
39.76861111,-86.1625,POINT (39.76861111 -86.16249999999999)
39.76861111,-86.1625,POINT (39.76861111 -86.16249999999999)
39.76861111,-86.1625,POINT (39.76861111 -86.16249999999999)
39.7692,-86.1582,POINT (39.7692 -86.15819999999999)
39.76918516,-86.16043564,POINT (39.76918516 -86.16043564)
35.26536,-90.04234,POINT (35.26536 -90.04234)
37.80507525,-122.2720276,POINT (37.80507525 -122.27202757)
37.8029,-122.2721,POINT (37.8029 -122.2721)
44.9311,-123.029,POINT (44.9311 -123.029)
33.71787959,-117.8284281,POINT (33.71787959 -117.82842809)
33.71787959,-117.8284281,POINT (33.71787959 -117.82842809)
33.71787959,-117.8284281,POINT (33.71787959 -117.82842809)
33.71787959,-117.8284281,POINT (33.71787959 -117.82842809)
37.8029,-122.2721,POINT (37.8029 -122.2721)
37.80507525,-122.2720276,POINT (37.80507525 -122.27202757)
32.67646302,-115.47311,POINT (32.67646302 -115.47311001)
37.81214758,-122.2869515,POINT (37.81214758 -122.28695145)
37.8029,-122.2721,POINT (37.8029 -122.2721)
34.022503,-118.166996,POINT (34.022503 -118.166996)
37.82632678,-122.2091916,POINT (37.82632678 -122.2091916)
37.8142926,-122.2606671,POINT (37.8142926 -122.26066705)
37.80507525,-122.2720276,POINT (37.80507525 -122.27202757)
37.73703583,-122.1735074,POINT (37.73703583 -122.17350744)
37.8029,-122.2721,POINT (37.8029 -122.2721)
38.5766,-121.493,POINT (38.5766 -121.493)
41.49888889,-81.68972222,POINT (41.49888889 -81.68972221999999)
35.26536,-90.04234,POINT (35.26536 -90.04234)
42.21482671,-83.35459317,POINT (42.21482671 -83.35459317)
41.3841,-81.73465,POINT (41.3841 -81.73465)
41.3841,-81.73465,POINT (41.3841 -81.73465)
41.3841,-81.73465,POINT (41.3841 -81.73465)
29.7602,-95.3694,POINT (29.7602 -95.3694)
44.93852,-123.03058,POINT (44.93852 -123.03058)
44.93852,-123.03058,POINT (44.93852 -123.03058)
36.15502596,-115.1497584,POINT (36.15502596 -115.14975839)
44.93852,-123.03058,POINT (44.93852 -123.03058)
44.93852,-123.03058,POINT (44.93852 -123.03058)
44.93852,-123.03058,POINT (44.93852 -123.03058)
38.59253,-121.54654,POINT (38.59253 -121.54654)
38.59253,-121.54654,POINT (38.59253 -121.54654)
39.4422,-123.802,POINT (39.4422 -123.802)
32.67646302,-115.47311,POINT (32.67646302 -115.47311001)
38.5766,-121.493,POINT (38.5766 -121.493)
42.31727,-71.04294,POINT (42.31727 -71.04294)
40.11817092,-74.15628664,POINT (40.11817092 -74.15628664)
37.8029,-122.2721,POINT (37.8029 -122.2721)
37.2501,-121.91258,POINT (37.2501 -121.91258)
39.72401,-104.9389999,POINT (39.72401 -104.9389999)
39.72401,-104.9389999,POINT (39.72401 -104.9389999)
44.9311,-123.029,POINT (44.9311 -123.029)
44.9311,-123.029,POINT (44.9311 -123.029)
35.26536,-90.04234,POINT (35.26536 -90.04234)
39.7391,-104.9836,POINT (39.7391 -104.9836)
39.7935,-104.833,POINT (39.7935 -104.833)
39.72401,-104.9389999,POINT (39.72401 -104.9389999)
39.7391,-104.9836,POINT (39.7391 -104.9836)
39.7935,-104.833,POINT (39.7935 -104.833)
39.7391,-104.9836,POINT (39.7391 -104.9836)
39.7391,-104.9836,POINT (39.7391 -104.9836)
39.73927128,-104.9852626,POINT (39.73927128 -104.98526257)
39.72401,-104.9389999,POINT (39.72401 -104.9389999)
37.54799,-77.46402,POINT (37.54799 -77.46402)
38.55255116,-86.62006194,POINT (38.55255116 -86.62006194)
37.8672348,-122.2578788,POINT (37.8672348 -122.2578788)
37.8029,-122.2721,POINT (37.8029 -122.2721)
44.91539522,-122.9721268,POINT (44.91539522 -122.97212681)
44.89884924,-123.0219237,POINT (44.89884924 -123.02192365)
39.7935,-104.833,POINT (39.7935 -104.833)
27.95149372,-82.52109856,POINT (27.95149372 -82.52109856)
39.6888525,-104.9920078,POINT (39.6888525 -104.9920078)
39.73941729,-104.9849866,POINT (39.73941729 -104.98498661)
39.86387961,-74.99958155,POINT (39.86387961 -74.99958155)
39.7702346,-105.0020366,POINT (39.7702346 -105.00203655)
37.53952365,-77.43426775,POINT (37.53952365 -77.43426775)
37.6278067,-77.5089882,POINT (37.6278067 -77.5089882)
37.5373,-77.4371,POINT (37.5373 -77.4371)
37.54875144,-77.46386017,POINT (37.54875144 -77.46386017)
33.98606768,-118.2880786,POINT (33.98606768 -118.28807856)
34.05276572,-118.2558408,POINT (34.05276572 -118.25584078)
40.32882401,-74.2464377,POINT (40.32882401 -74.2464377)
34.24101,-118.46594,POINT (34.24101 -118.46594)
34.23096701,-118.3948319,POINT (34.23096701 -118.39483187)
34.0522,-118.243,POINT (34.0522 -118.243)
34.23243,-118.40371,POINT (34.23243 -118.40371)
34.16820234,-118.5728672,POINT (34.16820234 -118.57286717)
34.23732989,-118.477823,POINT (34.23732989 -118.47782303)
33.98331418,-118.2555466,POINT (33.98331418 -118.25554656)
33.98331418,-118.2555466,POINT (33.98331418 -118.25554656)
34.05613439,-118.2463196,POINT (34.05613439 -118.24631956)
33.95972,-118.39972,POINT (33.95972 -118.39972)
34.01073337,-118.3365174,POINT (34.01073337 -118.33651743)
34.02640596,-118.3719799,POINT (34.02640596 -118.37197988)
34.0522,-118.243,POINT (34.0522 -118.243)
33.9213,-118.406,POINT (33.9213 -118.406)
34.0522,-118.243,POINT (34.0522 -118.243)
45.5224,-122.9888,POINT (45.5224 -122.9888)
36.09926781,-115.1709736,POINT (36.09926781 -115.17097359)
36.09926781,-115.1709736,POINT (36.09926781 -115.17097359)
36.09952925,-115.1712576,POINT (36.09952925 -115.17125757)
34.05613439,-118.2463196,POINT (34.05613439 -118.24631956)
34.03433615,-118.3910295,POINT (34.03433615 -118.39102947)
34.05613439,-118.2463196,POINT (34.05613439 -118.24631956)
34.03433615,-118.3910295,POINT (34.03433615 -118.39102947)
37.667,-122.441,POINT (37.667 -122.441)
34.03433615,-118.3910295,POINT (34.03433615 -118.39102947)
37.437,-122.157,POINT (37.437 -122.157)
33.13016172,-117.2049809,POINT (33.13016172 -117.20498092)
33.79418052,-118.2621507,POINT (33.79418052 -118.26215068)
32.67646302,-115.47311,POINT (32.67646302 -115.47311001)
34.03433615,-118.3910295,POINT (34.03433615 -118.39102947)
34.0218186,-118.2445863,POINT (34.0218186 -118.2445863)
33.79378889,-118.172915,POINT (33.79378889 -118.17291498)
34.05336133,-118.2431415,POINT (34.05336133 -118.24314152)
34.05613439,-118.2463196,POINT (34.05613439 -118.24631956)
34.0545547,-118.2437561,POINT (34.0545547 -118.2437561)
34.01835049,-118.3088177,POINT (34.01835049 -118.30881768)
34.03433615,-118.3910295,POINT (34.03433615 -118.39102947)
34.00924619,-118.3286117,POINT (34.00924619 -118.32861168)
33.98331418,-118.2555466,POINT (33.98331418 -118.25554656)
42.6382,-84.5219,POINT (42.6382 -84.5219)
34.0522,-118.243,POINT (34.0522 -118.243)
33.489171,-112.184631,POINT (33.489171 -112.184631)
34.03433615,-118.3910295,POINT (34.03433615 -118.39102947)
33.73787,-118.28461,POINT (33.73787 -118.28461)
34.0522,-118.243,POINT (34.0522 -118.243)
34.24179221,-118.466166,POINT (34.24179221 -118.46616602)
34.0847,-118.384,POINT (34.0847 -118.384)
34.03433615,-118.3910295,POINT (34.03433615 -118.39102947)
34.0402214,-118.2545227,POINT (34.0402214 -118.2545227)
34.022503,-118.166996,POINT (34.022503 -118.166996)
34.03433615,-118.3910295,POINT (34.03433615 -118.39102947)
33.73787,-118.28461,POINT (33.73787 -118.28461)
34.07365163,-118.291215,POINT (34.07365163 -118.29121497)
34.03433615,-118.3910295,POINT (34.03433615 -118.39102947)
34.0522,-118.243,POINT (34.0522 -118.243)
34.23096701,-118.3948319,POINT (34.23096701 -118.39483187)
34.24179221,-118.466166,POINT (34.24179221 -118.46616602)
34.27099286,-118.4425531,POINT (34.27099286 -118.44255314)
34.0522,-118.243,POINT (34.0522 -118.243)
34.03433615,-118.3910295,POINT (34.03433615 -118.39102947)
34.03433615,-118.3910295,POINT (34.03433615 -118.39102947)
34.1689,-118.611,POINT (34.1689 -118.611)
34.03433615,-118.3910295,POINT (34.03433615 -118.39102947)
33.8958851,-118.209805,POINT (33.8958851 -118.209805)
34.0522,-118.243,POINT (34.0522 -118.243)
34.2573,-118.4674,POINT (34.2573 -118.4674)
34.03433615,-118.3910295,POINT (34.03433615 -118.39102947)
34.0522,-118.243,POINT (34.0522 -118.243)
34.0522,-118.243,POINT (34.0522 -118.243)
34.16820234,-118.5728672,POINT (34.16820234 -118.57286717)
34.16820234,-118.5728672,POINT (34.16820234 -118.57286717)
34.0522,-118.243,POINT (34.0522 -118.243)
34.04890523,-118.2405472,POINT (34.04890523 -118.2405472)
34.0522,-118.243,POINT (34.0522 -118.243)
34.057,-118.238,POINT (34.057 -118.238)
34.0522,-118.243,POINT (34.0522 -118.243)
34.1053213,-118.3509447,POINT (34.1053213 -118.3509447)
34.05336133,-118.2431415,POINT (34.05336133 -118.24314152)
34.0522,-118.243,POINT (34.0522 -118.243)
34.05336133,-118.2431415,POINT (34.05336133 -118.24314152)
34.05336133,-118.2431415,POINT (34.05336133 -118.24314152)
34.0522,-118.243,POINT (34.0522 -118.243)
34.03433615,-118.3910295,POINT (34.03433615 -118.39102947)
34.03433615,-118.3910295,POINT (34.03433615 -118.39102947)
33.98331418,-118.2555466,POINT (33.98331418 -118.25554656)
34.0522,-118.243,POINT (34.0522 -118.243)
34.0522,-118.243,POINT (34.0522 -118.243)
32.99128988,-115.5363709,POINT (32.99128988 -115.53637085)
40.7723797,-73.98568215,POINT (40.7723797 -73.98568215)
32.67646302,-115.47311,POINT (32.67646302 -115.47311001)
34.1749534,-118.3173659,POINT (34.1749534 -118.3173659)
26.70809,-80.09402,POINT (26.70809 -80.09402)
29.91,-81.41,POINT (29.91 -81.41)
34.0522,-118.243,POINT (34.0522 -118.243)
37.8029,-122.2721,POINT (37.8029 -122.2721)
38.5766,-121.493,POINT (38.5766 -121.493)
38.5766,-121.493,POINT (38.5766 -121.493)
38.5766,-121.493,POINT (38.5766 -121.493)
34.05336133,-118.2431415,POINT (34.05336133 -118.24314152)
34.41043578,-118.4540411,POINT (34.41043578 -118.45404106)
40.7779,-73.9675,POINT (40.7779 -73.9675)
34.0522,-118.243,POINT (34.0522 -118.243)
44.97504231,-93.23219554,POINT (44.97504231 -93.23219554000001)
34.03433615,-118.3910295,POINT (34.03433615 -118.39102947)
34.0522,-118.243,POINT (34.0522 -118.243)
33.7692,-118.1938,POINT (33.7692 -118.1938)
34.1689,-118.611,POINT (34.1689 -118.611)
42.68482058,-71.16814569,POINT (42.68482058 -71.16814569)
36.675801,-121.65418,POINT (36.675801 -121.65418)
33.98331418,-118.2555466,POINT (33.98331418 -118.25554656)
33.98331418,-118.2555466,POINT (33.98331418 -118.25554656)
33.99189,-118.34346,POINT (33.99189 -118.34346)
34.24179221,-118.466166,POINT (34.24179221 -118.46616602)
33.98331418,-118.2555466,POINT (33.98331418 -118.25554656)
36.165,-86.78388889,POINT (36.165 -86.78388889)
37.8029,-122.2721,POINT (37.8029 -122.2721)
37.8029,-122.2721,POINT (37.8029 -122.2721)
34.0522,-118.243,POINT (34.0522 -118.243)
34.06199154,-118.2943256,POINT (34.06199154 -118.2943256)
34.0522,-118.243,POINT (34.0522 -118.243)
39.939871,-82.926463,POINT (39.939871 -82.926463)
41.9744882,-87.86352275,POINT (41.9744882 -87.86352275)
34.0522,-118.243,POINT (34.0522 -118.243)
26.57411157,-80.10238966,POINT (26.57411157 -80.10238966)
38.74545,-90.34072,POINT (38.74545 -90.34072)
37.8718,-122.275,POINT (37.8718 -122.275)
37.8718,-122.275,POINT (37.8718 -122.275)
37.87688,-122.27033,POINT (37.87688 -122.27033)
37.85306,-122.27362,POINT (37.85306 -122.27362)
38.49958469,-121.4179471,POINT (38.49958469 -121.4179471)
38.5766,-121.493,POINT (38.5766 -121.493)
42.31727,-71.04294,POINT (42.31727 -71.04294)
34.08333,-118.44778,POINT (34.08333 -118.44778)
32.67865,-115.49867,POINT (32.67865 -115.49867)
42.31727,-71.04294,POINT (42.31727 -71.04294)
40.7142,-74.0064,POINT (40.7142 -74.0064)
26.19833833,-80.25180833,POINT (26.19833833 -80.25180833)
33.45027778,-112.255,POINT (33.45027778 -112.255)
-25.86033,147.50259,POINT (-25.86033 147.50259)
36.48863024,-119.7297205,POINT (36.48863024 -119.72972051)
34.0522,-118.243,POINT (34.0522 -118.243)
37.97895961,-84.21744804,POINT (37.97895961 -84.21744803999999)
34.1722,-118.378,POINT (34.1722 -118.378)
34.05368056,-118.2427778,POINT (34.05368056 -118.24277778)
34.0522,-118.243,POINT (34.0522 -118.243)
37.835004,-122.264125,POINT (37.835004 -122.264125)
34.0543137,-118.2502899,POINT (34.0543137 -118.2502899)
37.815388,-122.258769,POINT (37.815388 -122.258769)
32.67646302,-115.47311,POINT (32.67646302 -115.47311001)
33.4482,-112.0777,POINT (33.4482 -112.0777)
41.82306,-87.69392,POINT (41.82306 -87.69392000000001)
35.25817,-118.90807,POINT (35.25817 -118.90807)
38.7333,-104.719,POINT (38.7333 -104.719)
32.67646302,-115.47311,POINT (32.67646302 -115.47311001)
37.3376,-121.8865,POINT (37.3376 -121.8865)
39.84457038,-86.2369474,POINT (39.84457038 -86.23694740000001)
33.22502301,-86.82471737,POINT (33.22502301 -86.82471737)
33.52833333,-112.0763889,POINT (33.52833333 -112.07638889)
41.0805,-85.1392,POINT (41.0805 -85.1392)
41.0805,-85.1392,POINT (41.0805 -85.1392)
33.93154899,-80.815599,POINT (33.93154899 -80.81559900000001)
34,-81,POINT (34 -81)
39.00894,-77.12821,POINT (39.00894 -77.12821)
33.52833333,-112.0763889,POINT (33.52833333 -112.07638889)
35.2205,-97.4436,POINT (35.2205 -97.4436)
33.34306,-111.84108,POINT (33.34306 -111.84108)
36.16252701,-95.99876662,POINT (36.16252701 -95.99876662)
38.62599559,-121.3296008,POINT (38.62599559 -121.32960082)
39.4578,-77.9664,POINT (39.4578 -77.96639999999999)
34.05276572,-118.2558408,POINT (34.05276572 -118.25584078)
33.35,-111.789,POINT (33.35 -111.789)
30.56007084,-97.86230345,POINT (30.56007084 -97.86230345)
33.98568,-81.03548,POINT (33.98568 -81.03548000000001)
42.56468,-83.49664,POINT (42.56468 -83.49664)
42.5614,-114.464,POINT (42.5614 -114.464)
33.35,-111.789,POINT (33.35 -111.789)
35.66484582,139.6975921,POINT (35.66484582 139.69759212)
44.54439137,-92.54439923,POINT (44.54439137 -92.54439923)
39.5286356,-85.7772194,POINT (39.5286356 -85.77721940000001)
37.5383,-77.4615,POINT (37.5383 -77.4615)
41.29305556,-112.0263889,POINT (41.29305556 -112.02638889)
34.01833197,-118.3661201,POINT (34.01833197 -118.36612014)
33.4819699,-112.07446,POINT (33.4819699 -112.07446)
39.76898,-86.16137,POINT (39.76898 -86.16137000000001)
41.219444,-111.951389,POINT (41.219444 -111.951389)
42.367008,-71.105857,POINT (42.367008 -71.105857)
47.25357514,-122.4527015,POINT (47.25357514 -122.45270154)
47.1997346,-122.4443746,POINT (47.1997346 -122.4443746)
36.107166,-80.234796,POINT (36.107166 -80.234796)
32.67646302,-115.47311,POINT (32.67646302 -115.47311001)
32.67646302,-115.47311,POINT (32.67646302 -115.47311001)
32.219,-110.9708,POINT (32.219 -110.9708)
39.4296,-75.2305,POINT (39.4296 -75.23050000000001)
38.577,-121.4947,POINT (38.577 -121.4947)
29.71549615,-81.33471072,POINT (29.71549615 -81.33471072)
39.8817787,-86.0466232,POINT (39.8817787 -86.0466232)
35.38187085,-118.9645974,POINT (35.38187085 -118.96459741)
42.7348,-84.4808,POINT (42.7348 -84.4808)
40.43638889,-99.38222222,POINT (40.43638889 -99.38222222)
39.93333333,-86.21666667,POINT (39.93333333 -86.21666667)
42.32846,-83.044348,POINT (42.32846 -83.044348)
45.6337,-122.603,POINT (45.6337 -122.603)
34.286667,-111.656944,POINT (34.286667 -111.656944)
45.6337,-122.603,POINT (45.6337 -122.603)
45.6337,-122.603,POINT (45.6337 -122.603)
45.7049,-122.661,POINT (45.7049 -122.661)
45.6337,-122.603,POINT (45.6337 -122.603)
45.6337,-122.603,POINT (45.6337 -122.603)
36.48863024,-119.7297205,POINT (36.48863024 -119.72972051)
45.6337,-122.603,POINT (45.6337 -122.603)
34.736,-92.3311,POINT (34.736 -92.33110000000001)
39.0081,-80.7189,POINT (39.0081 -80.7189)
45.64361,-122.66817,POINT (45.64361 -122.66817)
35.06386273,-78.91504253,POINT (35.06386273 -78.91504252999999)
34.75469159,-92.31551639,POINT (34.75469159 -92.31551639)
33.52833333,-112.0763889,POINT (33.52833333 -112.07638889)
32.3323,-111.057,POINT (32.3323 -111.057)
39.16411609,23.48598003,POINT (39.16411609 23.48598003)
45.6337,-122.603,POINT (45.6337 -122.603)
37.33301874,-121.8890585,POINT (37.33301874 -121.88905853)
36.0896,-79.4456,POINT (36.0896 -79.4456)
35.77158156,-78.64147099,POINT (35.77158156 -78.64147099)
44.9774,-93.2645,POINT (44.9774 -93.2645)
44.9774,-93.2645,POINT (44.9774 -93.2645)
44.96952515,-93.27353263,POINT (44.96952515 -93.27353263000001)
44.9497,-93.0931,POINT (44.9497 -93.09310000000001)
44.96952515,-93.27353263,POINT (44.96952515 -93.27353263000001)
44.96952515,-93.27353263,POINT (44.96952515 -93.27353263000001)
33.48777471,-112.0656803,POINT (33.48777471 -112.06568027)
44.96952515,-93.27353263,POINT (44.96952515 -93.27353263000001)
44.96952515,-93.27353263,POINT (44.96952515 -93.27353263000001)
44.96952515,-93.27353263,POINT (44.96952515 -93.27353263000001)
44.96952515,-93.27353263,POINT (44.96952515 -93.27353263000001)
44.9774,-93.2645,POINT (44.9774 -93.2645)
34.000433,-81.033147,POINT (34.000433 -81.033147)
33.4199,-111.91504,POINT (33.4199 -111.91504)
35.8081,-78.6219,POINT (35.8081 -78.6219)
35.77599,-78.63311,POINT (35.77599 -78.63311)
35.77599,-78.63311,POINT (35.77599 -78.63311)
39.77723,-86.15459,POINT (39.77723 -86.15459)
44.29722222,-94.72416667,POINT (44.29722222 -94.72416667)
39.34603068,-94.93209611,POINT (39.34603068 -94.93209611)
33.49453,-112.03211,POINT (33.49453 -112.03211)
33.44857,-112.09448,POINT (33.44857 -112.09448)
33.4481,-112.094,POINT (33.4481 -112.094)
33.3033,-111.841,POINT (33.3033 -111.841)
33.44805556,-112.0958333,POINT (33.44805556 -112.09583333)
33.44857,-112.09448,POINT (33.44857 -112.09448)
33.448573,-112.094486,POINT (33.448573 -112.094486)
33.36293417,-111.930626,POINT (33.36293417 -111.93062603)
33.44857,-112.09448,POINT (33.44857 -112.09448)
33.44857,-112.09448,POINT (33.44857 -112.09448)
32.219,-110.9708,POINT (32.219 -110.9708)
33.4475112,-112.0962286,POINT (33.4475112 -112.0962286)
37.5383,-77.4615,POINT (37.5383 -77.4615)
32.219543,-110.967339,POINT (32.219543 -110.967339)
33.374,-111.872,POINT (33.374 -111.872)
33.44805556,-112.0958333,POINT (33.44805556 -112.09583333)
34.05403,-118.43569,POINT (34.05403 -118.43569)
33.44857,-112.09448,POINT (33.44857 -112.09448)
33.52833333,-112.0763889,POINT (33.52833333 -112.07638889)
38.263336,-104.658119,POINT (38.263336 -104.658119)
33.4294,-111.943,POINT (33.4294 -111.943)
32.2194912,-110.9684851,POINT (32.2194912 -110.9684851)
33.52833333,-112.0763889,POINT (33.52833333 -112.07638889)
33.49453,-112.03211,POINT (33.49453 -112.03211)
29.45429476,-98.59161788,POINT (29.45429476 -98.59161788)
33.44857,-112.09448,POINT (33.44857 -112.09448)
33.49453,-112.03211,POINT (33.49453 -112.03211)
33.46626,-112.50135,POINT (33.46626 -112.50135)
32.219,-110.9708,POINT (32.219 -110.9708)
32.2194912,-110.9684851,POINT (32.2194912 -110.9684851)
33.44857,-112.09448,POINT (33.44857 -112.09448)
33.44805556,-112.0958333,POINT (33.44805556 -112.09583333)
33.44857,-112.09448,POINT (33.44857 -112.09448)
33.52833333,-112.0763889,POINT (33.52833333 -112.07638889)
33.44857,-112.09448,POINT (33.44857 -112.09448)
33.44857,-112.09448,POINT (33.44857 -112.09448)
33.44857,-112.09448,POINT (33.44857 -112.09448)
33.44857,-112.09448,POINT (33.44857 -112.09448)
33.44857,-112.09448,POINT (33.44857 -112.09448)
33.44857,-112.09448,POINT (33.44857 -112.09448)
34.1419,-109.964,POINT (34.1419 -109.964)
33.3897,-112.399,POINT (33.3897 -112.399)
37.7793,-122.419,POINT (37.7793 -122.419)
33.52833333,-112.0763889,POINT (33.52833333 -112.07638889)
38.4658,-78.9725,POINT (38.4658 -78.9725)
33.3417,-111.983,POINT (33.3417 -111.983)
33.74165021,-111.980498,POINT (33.74165021 -111.98049804)
39.62190423,-104.8995853,POINT (39.62190423 -104.89958525)
32.219,-110.9708,POINT (32.219 -110.9708)
39.73908886,-104.988935,POINT (39.73908886 -104.98893499)
39.73908886,-104.988935,POINT (39.73908886 -104.98893499)
33.44821733,-112.0964827,POINT (33.44821733 -112.0964827)
33.44857,-112.09448,POINT (33.44857 -112.09448)
33.34386581,-111.7891288,POINT (33.34386581 -111.78912878)
33.49453,-112.03211,POINT (33.49453 -112.03211)
33.44857,-112.09448,POINT (33.44857 -112.09448)
39.7391,-104.9836,POINT (39.7391 -104.9836)
33.56628,-112.06318,POINT (33.56628 -112.06318)
33.44857,-112.09448,POINT (33.44857 -112.09448)
32.2212,-110.875,POINT (32.2212 -110.875)
39.73909444,-104.9848972,POINT (39.73909444 -104.98489722)
39.73908886,-104.988935,POINT (39.73908886 -104.98893499)
39.73909444,-104.9848972,POINT (39.73909444 -104.98489722)
39.73909444,-104.9848972,POINT (39.73909444 -104.98489722)
33.44857,-112.09448,POINT (33.44857 -112.09448)
33.55138093,-112.1550423,POINT (33.55138093 -112.15504231)
33.44857,-112.09448,POINT (33.44857 -112.09448)
33.44857,-112.09448,POINT (33.44857 -112.09448)
32.15850294,-110.9208073,POINT (32.15850294 -110.92080732)
39.73909444,-104.9848972,POINT (39.73909444 -104.98489722)
39.73909444,-104.9848972,POINT (39.73909444 -104.98489722)
39.73909444,-104.9848972,POINT (39.73909444 -104.98489722)
33.44821733,-112.0964827,POINT (33.44821733 -112.0964827)
33.44857,-112.09448,POINT (33.44857 -112.09448)
33.44857,-112.09448,POINT (33.44857 -112.09448)
39.73908886,-104.988935,POINT (39.73908886 -104.98893499)
39.73909444,-104.9848972,POINT (39.73909444 -104.98489722)
32.219,-110.9708,POINT (32.219 -110.9708)
39.73909444,-104.9848972,POINT (39.73909444 -104.98489722)
32.0019,-110.7,POINT (32.0019 -110.7)
39.73909444,-104.9848972,POINT (39.73909444 -104.98489722)
33.44857,-112.09448,POINT (33.44857 -112.09448)
33.44857,-112.09448,POINT (33.44857 -112.09448)
33.44857,-112.09448,POINT (33.44857 -112.09448)
39.73909444,-104.9848972,POINT (39.73909444 -104.98489722)
39.73908886,-104.988935,POINT (39.73908886 -104.98893499)
40.4487825,-105.0963051,POINT (40.4487825 -105.0963051)
33.41864,-111.92775,POINT (33.41864 -111.92775)
39.73909444,-104.9848972,POINT (39.73909444 -104.98489722)
33.44857,-112.09448,POINT (33.44857 -112.09448)
33.47978,-112.14993,POINT (33.47978 -112.14993)
33.4864,-112.208,POINT (33.4864 -112.208)
33.52833333,-112.0763889,POINT (33.52833333 -112.07638889)
33.5825,-112.2386111,POINT (33.5825 -112.23861111)
33.52833333,-112.0763889,POINT (33.52833333 -112.07638889)
33.44857,-112.09448,POINT (33.44857 -112.09448)
33.44857,-112.09448,POINT (33.44857 -112.09448)
33.3488388,-111.8919296,POINT (33.3488388 -111.8919296)
33.52833333,-112.0763889,POINT (33.52833333 -112.07638889)
33.44857,-112.09448,POINT (33.44857 -112.09448)
32.23173,-110.94812,POINT (32.23173 -110.94812)
32.67648905,-115.4732066,POINT (32.67648905 -115.47320656)
33.3897,-112.399,POINT (33.3897 -112.399)
33.58352,-112.26524,POINT (33.58352 -112.26524)
33.44857,-112.09448,POINT (33.44857 -112.09448)
32.2181,-111.129,POINT (32.2181 -111.129)
33.44791,-112.07356,POINT (33.44791 -112.07356)
38.8365349,-104.8223013,POINT (38.8365349 -104.8223013)
33.44857,-112.09448,POINT (33.44857 -112.09448)
33.44857,-112.09448,POINT (33.44857 -112.09448)
47.2043,-122.368,POINT (47.2043 -122.368)
33.44558092,-112.0670245,POINT (33.44558092 -112.06702448)
33.52833333,-112.0763889,POINT (33.52833333 -112.07638889)
33.52833333,-112.0763889,POINT (33.52833333 -112.07638889)
33.34329176,-111.9624655,POINT (33.34329176 -111.96246554)
33.44857,-112.09448,POINT (33.44857 -112.09448)
33.52833333,-112.0763889,POINT (33.52833333 -112.07638889)
33.44857,-112.09448,POINT (33.44857 -112.09448)
39.73988,-104.98457,POINT (39.73988 -104.98457)
33.52833333,-112.0763889,POINT (33.52833333 -112.07638889)
33.52833333,-112.0763889,POINT (33.52833333 -112.07638889)
32.219,-110.9708,POINT (32.219 -110.9708)
32.219,-110.9708,POINT (32.219 -110.9708)
33.44791,-112.07356,POINT (33.44791 -112.07356)
33.44791,-112.07356,POINT (33.44791 -112.07356)
33.44791,-112.07356,POINT (33.44791 -112.07356)
33.3511505,-111.8769608,POINT (33.3511505 -111.8769608)
33.44558092,-112.0670245,POINT (33.44558092 -112.06702448)
33.44791,-112.07356,POINT (33.44791 -112.07356)
33.44857,-112.09448,POINT (33.44857 -112.09448)
33.44791,-112.07356,POINT (33.44791 -112.07356)
33.44791,-112.07356,POINT (33.44791 -112.07356)
33.52833333,-112.0763889,POINT (33.52833333 -112.07638889)
34.286667,-111.656944,POINT (34.286667 -111.656944)
33.44857,-112.09448,POINT (33.44857 -112.09448)
33.52833333,-112.0763889,POINT (33.52833333 -112.07638889)
33.52833333,-112.0763889,POINT (33.52833333 -112.07638889)
39.73909444,-104.9848972,POINT (39.73909444 -104.98489722)
33.2405,-111.643,POINT (33.2405 -111.643)
33.37830473,-112.1376938,POINT (33.37830473 -112.13769375)
33.3033,-111.841,POINT (33.3033 -111.841)
35.1992,-111.631,POINT (35.1992 -111.631)
33.4294,-111.943,POINT (33.4294 -111.943)
33.48576,-112.37326,POINT (33.48576 -112.37326)
33.44226894,-111.9561403,POINT (33.44226894 -111.95614027)
33.44558092,-112.0670245,POINT (33.44558092 -112.06702448)
33.52833333,-112.0763889,POINT (33.52833333 -112.07638889)
33.51673163,-112.0825564,POINT (33.51673163 -112.08255641)
34.286667,-111.656944,POINT (34.286667 -111.656944)
32.219,-110.9708,POINT (32.219 -110.9708)
33.54264302,-112.164862,POINT (33.54264302 -112.16486201)
33.35,-111.789,POINT (33.35 -111.789)
33.44857,-112.09448,POINT (33.44857 -112.09448)
39.73909444,-104.9848972,POINT (39.73909444 -104.98489722)
33.567425,-112.099994,POINT (33.567425 -112.099994)
32.07903872,-110.7533915,POINT (32.07903872 -110.75339146)
33.4666,-111.92976,POINT (33.4666 -111.92976)
33.34750662,-111.9636707,POINT (33.34750662 -111.96367066)
33.23708597,-111.7813365,POINT (33.23708597 -111.78133653)
33.44558092,-112.0670245,POINT (33.44558092 -112.06702448)
32.99128988,-115.5363709,POINT (32.99128988 -115.53637085)
33.52833333,-112.0763889,POINT (33.52833333 -112.07638889)
33.8458,-118.385,POINT (33.8458 -118.385)
40.7779,-73.9675,POINT (40.7779 -73.9675)
32.219,-110.9708,POINT (32.219 -110.9708)
33.35,-111.789,POINT (33.35 -111.789)
33.3736197,-111.9194322,POINT (33.3736197 -111.9194322)
32.219,-110.9708,POINT (32.219 -110.9708)
33.6078884,-112.3589851,POINT (33.6078884 -112.3589851)
32.223,-110.972,POINT (32.223 -110.972)
33.52833333,-112.0763889,POINT (33.52833333 -112.07638889)
32.2182,-110.876,POINT (32.2182 -110.876)
32.2182,-110.876,POINT (32.2182 -110.876)
33.414035,-111.831562,POINT (33.414035 -111.831562)
32.219,-110.9708,POINT (32.219 -110.9708)
33.4294,-111.943,POINT (33.4294 -111.943)
33.52833333,-112.0763889,POINT (33.52833333 -112.07638889)
33.378314,-111.8118377,POINT (33.378314 -111.8118377)
33.37765,-111.93827,POINT (33.37765 -111.93827)
33.4294,-111.943,POINT (33.4294 -111.943)
32.1530242,-110.9084882,POINT (32.1530242 -110.90848817)
33.2617,-111.748,POINT (33.2617 -111.748)
33.44876,-112.08081,POINT (33.44876 -112.08081)
33.44791,-112.07356,POINT (33.44791 -112.07356)
32.22261,-110.9747,POINT (32.22261 -110.9747)
33.52833333,-112.0763889,POINT (33.52833333 -112.07638889)
33.49396635,-112.3825998,POINT (33.49396635 -112.38259977)
33.3033,-111.841,POINT (33.3033 -111.841)
33.43077266,-112.3140079,POINT (33.43077266 -112.31400791)
33.33558,-111.94683,POINT (33.33558 -111.94683)
40.7207559,-74.0007613,POINT (40.7207559 -74.00076129999999)
40.7207559,-74.0007613,POINT (40.7207559 -74.00076129999999)
33.426978,-112.082268,POINT (33.426978 -112.082268)
33.44716261,-112.0743227,POINT (33.44716261 -112.0743227)
33.49638,-112.35885,POINT (33.49638 -112.35885)
33.61981892,-112.1431861,POINT (33.61981892 -112.14318614)
33.52833333,-112.0763889,POINT (33.52833333 -112.07638889)
33.52833333,-112.0763889,POINT (33.52833333 -112.07638889)
32.11649,-111.04182,POINT (32.11649 -111.04182)
33.3033,-111.841,POINT (33.3033 -111.841)
33.308875,-111.842131,POINT (33.308875 -111.842131)
33.5386,-112.186,POINT (33.5386 -112.186)
33.5817549,-112.0084514,POINT (33.5817549 -112.0084514)
33.49179167,-111.9880194,POINT (33.49179167 -111.98801944)
33.4931,-111.926,POINT (33.4931 -111.926)
32.22411965,-110.9904222,POINT (32.22411965 -110.99042223)
33.52833333,-112.0763889,POINT (33.52833333 -112.07638889)
33.4452,-112.06685,POINT (33.4452 -112.06685)
33.37722,-112.0461,POINT (33.37722 -112.0461)
33.63997959,-111.9448104,POINT (33.63997959 -111.94481037)
33.35,-111.789,POINT (33.35 -111.789)
33.52833333,-112.0763889,POINT (33.52833333 -112.07638889)
33.69229205,-111.9888014,POINT (33.69229205 -111.9888014)
33.3967699,-112.06242,POINT (33.3967699 -112.06242)
33.4294,-111.943,POINT (33.4294 -111.943)
33.3967699,-112.06242,POINT (33.3967699 -112.06242)
33.61981892,-112.1431861,POINT (33.61981892 -112.14318614)
33.4824,-112.102,POINT (33.4824 -112.102)
39.73988,-104.98457,POINT (39.73988 -104.98457)
33.4294,-111.943,POINT (33.4294 -111.943)
33.52229433,-112.09554,POINT (33.52229433 -112.09554003)
35.4899585,-97.5024861,POINT (35.4899585 -97.5024861)
33.36362567,-111.8745929,POINT (33.36362567 -111.87459288)
33.52833333,-112.0763889,POINT (33.52833333 -112.07638889)
33.2976773,-111.8680417,POINT (33.2976773 -111.8680417)
33.4366,-112.593,POINT (33.4366 -112.593)
40.50666667,-111.4122222,POINT (40.50666667 -111.41222222)
33.63818,-111.92861,POINT (33.63818 -111.92861)
33.68328858,-112.2677866,POINT (33.68328858 -112.26778664)
33.3261,-111.927,POINT (33.3261 -111.927)
32.3676091,-111.2208949,POINT (32.3676091 -111.22089487)
33.3515296,-111.841633,POINT (33.3515296 -111.841633)
33.57242402,-111.8991374,POINT (33.57242402 -111.89913744)
33.4498,-112.263,POINT (33.4498 -112.263)
33.4294,-111.943,POINT (33.4294 -111.943)
33.6518,-112.397,POINT (33.6518 -112.397)
31.5455,-110.276,POINT (31.5455 -110.276)
33.4294,-111.943,POINT (33.4294 -111.943)
33.63413326,-112.1765194,POINT (33.63413326 -112.17651943)
33.57004,-112.05158,POINT (33.57004 -112.05158)
33.483326,-112.21928,POINT (33.483326 -112.21928)
32.68779527,-114.489666,POINT (32.68779527 -114.48966598)
32.2289,-110.97918,POINT (32.2289 -110.97918)
33.17806754,-111.5935584,POINT (33.17806754 -111.59355838)
33.17806754,-111.5935584,POINT (33.17806754 -111.59355838)
33.61981892,-112.1431861,POINT (33.61981892 -112.14318614)
34.286667,-111.656944,POINT (34.286667 -111.656944)
33.36012462,-111.7974139,POINT (33.36012462 -111.79741392)
32.11566582,-110.7913518,POINT (32.11566582 -110.79135182)
33.40491975,-111.93404,POINT (33.40491975 -111.93403997)
32.11566582,-110.7913518,POINT (32.11566582 -110.79135182)
33.2525107,-111.842581,POINT (33.2525107 -111.842581)
33.3997274,-111.8813952,POINT (33.3997274 -111.88139518)
33.414035,-111.831562,POINT (33.414035 -111.831562)
33.2525107,-111.842581,POINT (33.2525107 -111.842581)
33.44627803,-111.9205465,POINT (33.44627803 -111.92054648)
33.44857,-112.09448,POINT (33.44857 -112.09448)
33.50974,-112.07849,POINT (33.50974 -112.07849)
33.5096512,-112.0756989,POINT (33.5096512 -112.0756989)
33.47014,-112.06546,POINT (33.47014 -112.06546)
33.47,-112.07,POINT (33.47 -112.07)
33.47,-112.06,POINT (33.47 -112.06)
33.469064,-112.067468,POINT (33.469064 -112.067468)
33.469064,-112.067468,POINT (33.469064 -112.067468)
35.4899585,-97.5024861,POINT (35.4899585 -97.5024861)
33.40256,-111.91658,POINT (33.40256 -111.91658)
33.6382065,-112.1992416,POINT (33.6382065 -112.1992416)
33.63413326,-112.1765194,POINT (33.63413326 -112.17651943)
33.51768,-112.04594,POINT (33.51768 -112.04594)
33.61981892,-112.1431861,POINT (33.61981892 -112.14318614)
33.44857,-112.09448,POINT (33.44857 -112.09448)
35.4957534,-97.503955,POINT (35.4957534 -97.503955)
35.4957534,-97.503955,POINT (35.4957534 -97.503955)
33.44857,-112.09448,POINT (33.44857 -112.09448)
33.4459,-112.07131,POINT (33.4459 -112.07131)
33.44857,-112.09448,POINT (33.44857 -112.09448)
33.4481068,-112.0967795,POINT (33.4481068 -112.0967795)
33.4481068,-112.0967795,POINT (33.4481068 -112.0967795)
33.4942,-112.491,POINT (33.4942 -112.491)
33.44857,-112.09448,POINT (33.44857 -112.09448)
33.4942,-112.491,POINT (33.4942 -112.491)
33.3073239,-111.8424134,POINT (33.3073239 -111.8424134)
33.3073239,-111.8424134,POINT (33.3073239 -111.8424134)
33.30931528,-111.8426425,POINT (33.30931528 -111.84264246)
33.3073239,-111.8424134,POINT (33.3073239 -111.8424134)
33.3073239,-111.8424134,POINT (33.3073239 -111.8424134)
33.448125,-112.0976203,POINT (33.448125 -112.0976203)
33.8525,-112.14,POINT (33.8525 -112.14)
33.6166,-112.23,POINT (33.6166 -112.23)
33.44857,-112.09448,POINT (33.44857 -112.09448)
33.68096323,-112.1192506,POINT (33.68096323 -112.11925063)
33.551074,-112.048896,POINT (33.551074 -112.048896)
33.44805556,-112.0958333,POINT (33.44805556 -112.09583333)
33.31528,-111.81897,POINT (33.31528 -111.81897)
33.489171,-112.184631,POINT (33.489171 -112.184631)
33.497828,-111.927267,POINT (33.497828 -111.927267)
33.29644667,-111.8233451,POINT (33.29644667 -111.82334513)
33.3967699,-112.06242,POINT (33.3967699 -112.06242)
33.34321407,-111.92302,POINT (33.34321407 -111.92302004)
33.5825,-112.2386111,POINT (33.5825 -112.23861111)
33.68096323,-112.1192506,POINT (33.68096323 -112.11925063)